ifault,ipatch,ilayer,longitude,latitude,depth_m,length(m),width(m),strike,dip,coeff.,strike_slip(m),dip_slip(m)
1,1,1,-117.4339,35.7323,248.5675,1950.0,1950.0,224.0,83.0,0.0,0.438,0.099
1,2,1,-117.4358,35.7337,2184.0275,1950.0,1950.0,224.0,83.0,0.0,0.103,-0.007
1,3,1,-117.4377,35.7352,4119.4975,1950.0,1950.0,224.0,83.0,0.0,0.76,-0.175
1,4,1,-117.4396,35.7367,6054.9575,1950.0,1950.0,224.0,83.0,0.0,0.807,-0.079
1,5,1,-117.4415,35.7382,7990.4275,1950.0,1950.0,224.0,83.0,0.0,0.392,-0.134
1,6,1,-117.4434,35.7397,9925.8675,1950.0,1950.0,224.0,83.0,0.0,0.189,-0.068
1,7,1,-117.4453,35.7412,11861.3675,1950.0,1950.0,224.0,83.0,0.0,0.265,-0.041
1,8,1,-117.4489,35.7196,248.5675,1950.0,1950.0,224.0,83.0,0.0,0.008,0.005
1,9,1,-117.4508,35.7211,2184.0275,1950.0,1950.0,224.0,83.0,0.0,0.022,0.013
1,10,1,-117.4527,35.7226,4119.4975,1950.0,1950.0,224.0,83.0,0.0,0.241,0.116
1,11,1,-117.4546,35.7241,6054.9575,1950.0,1950.0,224.0,83.0,0.0,0.378,0.05
1,12,1,-117.4565,35.7256,7990.4275,1950.0,1950.0,224.0,83.0,0.0,0.291,0.042
1,13,1,-117.4584,35.7271,9925.8675,1950.0,1950.0,224.0,83.0,0.0,0.155,0.034
1,14,1,-117.4603,35.7286,11861.3675,1950.0,1950.0,224.0,83.0,0.0,0.045,0.002
1,15,1,-117.464,35.707,248.5675,1950.0,1950.0,224.0,83.0,0.0,0.071,0.013
1,16,1,-117.4658,35.7085,2184.0275,1950.0,1950.0,224.0,83.0,0.0,0.0,-0.0
1,17,1,-117.4677,35.71,4119.4975,1950.0,1950.0,224.0,83.0,0.0,0.045,0.026
1,18,1,-117.4696,35.7115,6054.9575,1950.0,1950.0,224.0,83.0,0.0,0.163,0.094
1,19,1,-117.4715,35.713,7990.4275,1950.0,1950.0,224.0,83.0,0.0,0.061,0.036
1,20,1,-117.4734,35.7145,9925.8675,1950.0,1950.0,224.0,83.0,0.0,0.007,0.004
1,21,1,-117.4753,35.7159,11861.3675,1950.0,1950.0,224.0,83.0,0.0,0.084,0.018
1,22,1,-117.479,35.6944,248.5675,1950.0,1950.0,224.0,83.0,0.0,0.0,-0.0
1,23,1,-117.4809,35.6959,2184.0275,1950.0,1950.0,224.0,83.0,0.0,0.047,0.027
1,24,1,-117.4827,35.6974,4119.4975,1950.0,1950.0,224.0,83.0,0.0,0.066,0.038
1,25,1,-117.4846,35.6989,6054.9575,1950.0,1950.0,224.0,83.0,0.0,0.099,0.057
1,26,1,-117.4865,35.7004,7990.4275,1950.0,1950.0,224.0,83.0,0.0,0.008,0.005
1,27,1,-117.4884,35.7018,9925.8675,1950.0,1950.0,224.0,83.0,0.0,0.121,-0.027
1,28,1,-117.4903,35.7033,11861.3675,1950.0,1950.0,224.0,83.0,0.0,0.124,0.018
1,29,1,-117.494,35.6818,248.5675,1950.0,1950.0,224.0,83.0,0.0,0.414,0.028
1,30,1,-117.4959,35.6833,2184.0275,1950.0,1950.0,224.0,83.0,0.0,0.287,-0.118
1,31,1,-117.4978,35.6848,4119.4975,1950.0,1950.0,224.0,83.0,0.0,0.192,-0.069
1,32,1,-117.4997,35.6863,6054.9575,1950.0,1950.0,224.0,83.0,0.0,0.083,0.048
1,33,1,-117.5016,35.6877,7990.4275,1950.0,1950.0,224.0,83.0,0.0,0.042,0.024
1,34,1,-117.5034,35.6892,9925.8675,1950.0,1950.0,224.0,83.0,0.0,0.078,0.045
1,35,1,-117.5053,35.6907,11861.3675,1950.0,1950.0,224.0,83.0,0.0,0.084,0.048
1,36,1,-117.509,35.6692,248.5675,1950.0,1950.0,224.0,83.0,0.0,0.442,0.119
1,37,1,-117.5109,35.6707,2184.0275,1950.0,1950.0,224.0,83.0,0.0,0.299,-0.114
1,38,1,-117.5128,35.6722,4119.4975,1950.0,1950.0,224.0,83.0,0.0,0.274,-0.088
1,39,1,-117.5147,35.6736,6054.9575,1950.0,1950.0,224.0,83.0,0.0,0.041,0.023
1,40,1,-117.5166,35.6751,7990.4275,1950.0,1950.0,224.0,83.0,0.0,0.06,0.034
1,41,1,-117.5185,35.6766,9925.8675,1950.0,1950.0,224.0,83.0,0.0,0.149,0.086
1,42,1,-117.5203,35.6781,11861.3675,1950.0,1950.0,224.0,83.0,0.0,0.202,0.116
1,43,1,-117.524,35.6566,248.5675,1950.0,1950.0,224.0,83.0,0.0,1.552,0.293
1,44,1,-117.5259,35.6581,2184.0275,1950.0,1950.0,224.0,83.0,0.0,1.008,-0.283
1,45,1,-117.5278,35.6595,4119.4975,1950.0,1950.0,224.0,83.0,0.0,0.649,-0.075
1,46,1,-117.5297,35.661,6054.9575,1950.0,1950.0,224.0,83.0,0.0,0.205,0.101
1,47,1,-117.5316,35.6625,7990.4275,1950.0,1950.0,224.0,83.0,0.0,0.15,0.087
1,48,1,-117.5335,35.664,9925.8675,1950.0,1950.0,224.0,83.0,0.0,0.211,0.122
1,49,1,-117.5354,35.6655,11861.3675,1950.0,1950.0,224.0,83.0,0.0,0.365,0.211
1,50,1,-117.539,35.644,248.5675,1950.0,1950.0,224.0,83.0,0.0,1.79,0.444
1,51,1,-117.5409,35.6454,2184.0275,1950.0,1950.0,224.0,83.0,0.0,1.486,-0.147
1,52,1,-117.5428,35.6469,4119.4975,1950.0,1950.0,224.0,83.0,0.0,1.777,0.009
1,53,1,-117.5447,35.6484,6054.9575,1950.0,1950.0,224.0,83.0,0.0,0.998,0.247
1,54,1,-117.5466,35.6499,7990.4275,1950.0,1950.0,224.0,83.0,0.0,0.416,0.177
1,55,1,-117.5485,35.6514,9925.8675,1950.0,1950.0,224.0,83.0,0.0,0.365,0.187
1,56,1,-117.5504,35.6529,11861.3675,1950.0,1950.0,224.0,83.0,0.0,0.446,0.232
1,57,1,-117.554,35.6313,248.5675,1950.0,1950.0,224.0,83.0,0.0,1.668,0.157
1,58,1,-117.5559,35.6328,2184.0275,1950.0,1950.0,224.0,83.0,0.0,0.718,0.08
1,59,1,-117.5578,35.6343,4119.4975,1950.0,1950.0,224.0,83.0,0.0,1.358,0.073
1,60,1,-117.5597,35.6358,6054.9575,1950.0,1950.0,224.0,83.0,0.0,1.344,0.151
1,61,1,-117.5616,35.6373,7990.4275,1950.0,1950.0,224.0,83.0,0.0,0.546,0.124
1,62,1,-117.5635,35.6388,9925.8675,1950.0,1950.0,224.0,83.0,0.0,0.426,0.092
1,63,1,-117.5654,35.6403,11861.3675,1950.0,1950.0,224.0,83.0,0.0,0.494,0.075
1,64,1,-117.569,35.6187,248.5675,1950.0,1950.0,224.0,83.0,0.0,1.122,0.035
1,65,1,-117.5709,35.6202,2184.0275,1950.0,1950.0,224.0,83.0,0.0,0.449,0.104
1,66,1,-117.5728,35.6217,4119.4975,1950.0,1950.0,224.0,83.0,0.0,0.815,0.007
1,67,1,-117.5747,35.6232,6054.9575,1950.0,1950.0,224.0,83.0,0.0,0.728,-0.022
1,68,1,-117.5766,35.6247,7990.4275,1950.0,1950.0,224.0,83.0,0.0,0.257,-0.051
1,69,1,-117.5785,35.6262,9925.8675,1950.0,1950.0,224.0,83.0,0.0,0.196,-0.048
1,70,1,-117.5804,35.6276,11861.3675,1950.0,1950.0,224.0,83.0,0.0,0.14,-0.054
1,71,1,-117.584,35.6061,248.5675,1950.0,1950.0,224.0,83.0,0.0,0.126,0.072
1,72,1,-117.5859,35.6076,2184.0275,1950.0,1950.0,224.0,83.0,0.0,0.286,-0.079
1,73,1,-117.5878,35.6091,4119.4975,1950.0,1950.0,224.0,83.0,0.0,0.546,-0.265
1,74,1,-117.5897,35.6106,6054.9575,1950.0,1950.0,224.0,83.0,0.0,0.685,-0.173
1,75,1,-117.5916,35.6121,7990.4275,1950.0,1950.0,224.0,83.0,0.0,0.09,-0.052
1,76,1,-117.5935,35.6135,9925.8675,1950.0,1950.0,224.0,83.0,0.0,0.192,-0.105
1,77,1,-117.5954,35.615,11861.3675,1950.0,1950.0,224.0,83.0,0.0,0.524,-0.302
1,78,1,-117.4715,35.6707,1968.3902,1950.0,1950.0,312.0,85.0,0.0,-0.074,-0.043
1,79,1,-117.4703,35.6719,3910.9702,1950.0,1950.0,312.0,85.0,0.0,-0.058,-0.034
1,80,1,-117.469,35.673,5853.5502,1950.0,1950.0,312.0,85.0,0.0,-0.172,0.07
1,81,1,-117.4678,35.6741,7796.1302,1950.0,1950.0,312.0,85.0,0.0,-0.125,0.063
1,82,1,-117.4665,35.6753,9738.7102,1950.0,1950.0,312.0,85.0,0.0,-0.079,0.046
1,83,1,-117.4652,35.6764,11681.3102,1950.0,1950.0,312.0,85.0,0.0,-0.051,0.03
1,84,1,-117.464,35.6775,13623.9102,1950.0,1950.0,312.0,85.0,0.0,-0.009,0.005
1,85,1,-117.4876,35.6825,1968.3902,1950.0,1950.0,312.0,85.0,0.0,-0.5,0.289
1,86,1,-117.4863,35.6836,3910.9702,1950.0,1950.0,312.0,85.0,0.0,-0.134,0.078
1,87,1,-117.4851,35.6847,5853.5502,1950.0,1950.0,312.0,85.0,0.0,-0.09,0.052
1,88,1,-117.4838,35.6859,7796.1302,1950.0,1950.0,312.0,85.0,0.0,-0.012,0.007
1,89,1,-117.4826,35.687,9738.7102,1950.0,1950.0,312.0,85.0,0.0,-0.067,0.018
1,90,1,-117.4813,35.6881,11681.3102,1950.0,1950.0,312.0,85.0,0.0,-0.039,0.021
1,91,1,-117.48,35.6893,13623.9102,1950.0,1950.0,312.0,85.0,0.0,-0.067,0.003
1,92,1,-117.5036,35.6942,1968.3902,1950.0,1950.0,312.0,85.0,0.0,-1.152,0.558
1,93,1,-117.5024,35.6953,3910.9702,1950.0,1950.0,312.0,85.0,0.0,-0.176,0.101
1,94,1,-117.5011,35.6965,5853.5502,1950.0,1950.0,312.0,85.0,0.0,-0.06,0.035
1,95,1,-117.4999,35.6976,7796.1302,1950.0,1950.0,312.0,85.0,0.0,-0.324,0.081
1,96,1,-117.4986,35.6987,9738.7102,1950.0,1950.0,312.0,85.0,0.0,-0.514,0.086
1,97,1,-117.4973,35.6999,11681.3102,1950.0,1950.0,312.0,85.0,0.0,-0.298,0.034
1,98,1,-117.4961,35.701,13623.9102,1950.0,1950.0,312.0,85.0,0.0,-0.103,0.007
1,99,1,-117.5197,35.7059,1968.3902,1950.0,1950.0,312.0,85.0,0.0,-0.654,0.144
1,100,1,-117.5184,35.7071,3910.9702,1950.0,1950.0,312.0,85.0,0.0,-0.266,0.154
1,101,1,-117.5172,35.7082,5853.5502,1950.0,1950.0,312.0,85.0,0.0,-0.541,0.084
1,102,1,-117.5159,35.7093,7796.1302,1950.0,1950.0,312.0,85.0,0.0,-0.771,0.09
1,103,1,-117.5146,35.7105,9738.7102,1950.0,1950.0,312.0,85.0,0.0,-0.77,0.05
1,104,1,-117.5134,35.7116,11681.3102,1950.0,1950.0,312.0,85.0,0.0,-0.408,0.003
1,105,1,-117.5121,35.7128,13623.9102,1950.0,1950.0,312.0,85.0,0.0,-0.037,-0.019
1,106,1,-117.5357,35.7177,1968.3902,1950.0,1950.0,312.0,85.0,0.0,-0.23,0.018
1,107,1,-117.5345,35.7188,3910.9702,1950.0,1950.0,312.0,85.0,0.0,-0.316,0.182
1,108,1,-117.5332,35.7199,5853.5502,1950.0,1950.0,312.0,85.0,0.0,-0.555,0.108
1,109,1,-117.5319,35.7211,7796.1302,1950.0,1950.0,312.0,85.0,0.0,-0.63,0.041
1,110,1,-117.5307,35.7222,9738.7102,1950.0,1950.0,312.0,85.0,0.0,-0.501,-0.003
1,111,1,-117.5294,35.7233,11681.3102,1950.0,1950.0,312.0,85.0,0.0,-0.156,-0.007
1,112,1,-117.5282,35.7245,13623.9102,1950.0,1950.0,312.0,85.0,0.0,-0.107,0.022
1,113,1,-117.5517,35.7294,1968.3902,1950.0,1950.0,312.0,85.0,0.0,-0.655,0.352
1,114,1,-117.5505,35.7305,3910.9702,1950.0,1950.0,312.0,85.0,0.0,-0.267,0.154
1,115,1,-117.5492,35.7317,5853.5502,1950.0,1950.0,312.0,85.0,0.0,-0.145,0.08
1,116,1,-117.548,35.7328,7796.1302,1950.0,1950.0,312.0,85.0,0.0,-0.165,0.013
1,117,1,-117.5467,35.734,9738.7102,1950.0,1950.0,312.0,85.0,0.0,-0.053,-0.009
1,118,1,-117.5455,35.7351,11681.3102,1950.0,1950.0,312.0,85.0,0.0,-0.161,0.033
1,119,1,-117.5442,35.7362,13623.9102,1950.0,1950.0,312.0,85.0,0.0,-0.251,-0.009
1,120,1,-117.5678,35.7411,1968.3902,1950.0,1950.0,312.0,85.0,0.0,-1.235,0.268
1,121,1,-117.5665,35.7423,3910.9702,1950.0,1950.0,312.0,85.0,0.0,-0.26,0.031
1,122,1,-117.5653,35.7434,5853.5502,1950.0,1950.0,312.0,85.0,0.0,-0.013,0.008
1,123,1,-117.564,35.7445,7796.1302,1950.0,1950.0,312.0,85.0,0.0,-0.001,0.0
1,124,1,-117.5628,35.7457,9738.7102,1950.0,1950.0,312.0,85.0,0.0,-0.072,-0.016
1,125,1,-117.5615,35.7468,11681.3102,1950.0,1950.0,312.0,85.0,0.0,-0.232,-0.015
1,126,1,-117.5602,35.748,13623.9102,1950.0,1950.0,312.0,85.0,0.0,-0.344,-0.067
1,127,1,-117.2746,35.499,0.0,2000.0,2000.0,314.7,90.0,1.0,-0.0,-0.0
1,128,1,-117.2746,35.499,2000.0,2000.0,2000.0,314.7,90.0,1.0,-0.0,-0.0
1,129,1,-117.2746,35.499,4000.0,2000.0,2000.0,314.7,90.0,1.0,-0.0,-0.0
1,130,1,-117.2746,35.499,6000.0,2000.0,2000.0,314.7,90.0,1.0,-0.017,-0.017
1,131,1,-117.2746,35.499,8000.0,2000.0,2000.0,314.7,90.0,1.0,-0.067,-0.067
1,132,1,-117.2746,35.499,10000.0,2000.0,2000.0,314.7,90.0,1.0,-0.136,-0.136
1,133,1,-117.2746,35.499,12000.0,2000.0,2000.0,314.7,90.0,1.0,-0.173,-0.173
1,134,1,-117.2746,35.499,14000.0,2000.0,2000.0,314.7,90.0,1.0,-0.17,-0.17
1,135,1,-117.2746,35.499,16000.0,2000.0,2000.0,314.7,90.0,1.0,-0.145,-0.145
1,136,1,-117.2746,35.499,18000.0,2000.0,2000.0,314.7,90.0,1.0,-0.118,-0.118
1,137,1,-117.2903,35.5117,0.0,2000.0,2000.0,314.7,90.0,1.0,-0.0,-0.0
1,138,1,-117.2903,35.5117,2000.0,2000.0,2000.0,314.7,90.0,1.0,-0.0,-0.0
1,139,1,-117.2903,35.5117,4000.0,2000.0,2000.0,314.7,90.0,1.0,-0.0,-0.0
1,140,1,-117.2903,35.5117,6000.0,2000.0,2000.0,314.7,90.0,1.0,-0.018,-0.018
1,141,1,-117.2903,35.5117,8000.0,2000.0,2000.0,314.7,90.0,1.0,-0.071,-0.071
1,142,1,-117.2903,35.5117,10000.0,2000.0,2000.0,314.7,90.0,1.0,-0.13,-0.13
1,143,1,-117.2903,35.5117,12000.0,2000.0,2000.0,314.7,90.0,1.0,-0.163,-0.163
1,144,1,-117.2903,35.5117,14000.0,2000.0,2000.0,314.7,90.0,1.0,-0.166,-0.166
1,145,1,-117.2903,35.5117,16000.0,2000.0,2000.0,314.7,90.0,1.0,-0.149,-0.149
1,146,1,-117.2903,35.5117,18000.0,2000.0,2000.0,314.7,90.0,1.0,-0.13,-0.13
1,147,1,-117.3061,35.5244,0.0,2000.0,2000.0,314.7,90.0,1.0,-0.076,0.076
1,148,1,-117.3061,35.5244,2000.0,2000.0,2000.0,314.7,90.0,1.0,-0.0,-0.0
1,149,1,-117.3061,35.5244,4000.0,2000.0,2000.0,314.7,90.0,1.0,-0.0,-0.0
1,150,1,-117.3061,35.5244,6000.0,2000.0,2000.0,314.7,90.0,1.0,-0.009,-0.009
1,151,1,-117.3061,35.5244,8000.0,2000.0,2000.0,314.7,90.0,1.0,-0.056,-0.056
1,152,1,-117.3061,35.5244,10000.0,2000.0,2000.0,314.7,90.0,1.0,-0.113,-0.113
1,153,1,-117.3061,35.5244,12000.0,2000.0,2000.0,314.7,90.0,1.0,-0.148,-0.148
1,154,1,-117.3061,35.5244,14000.0,2000.0,2000.0,314.7,90.0,1.0,-0.156,-0.156
1,155,1,-117.3061,35.5244,16000.0,2000.0,2000.0,314.7,90.0,1.0,-0.146,-0.146
1,156,1,-117.3061,35.5244,18000.0,2000.0,2000.0,314.7,90.0,1.0,-0.134,-0.134
1,157,1,-117.3219,35.537,0.0,2000.0,2000.0,314.7,90.0,1.0,-0.051,0.051
1,158,1,-117.3219,35.537,2000.0,2000.0,2000.0,314.7,90.0,1.0,-0.017,0.017
1,159,1,-117.3219,35.537,4000.0,2000.0,2000.0,314.7,90.0,1.0,-0.059,0.059
1,160,1,-117.3219,35.537,6000.0,2000.0,2000.0,314.7,90.0,1.0,-0.042,0.042
1,161,1,-117.3219,35.537,8000.0,2000.0,2000.0,314.7,90.0,1.0,-0.041,-0.016
1,162,1,-117.3219,35.537,10000.0,2000.0,2000.0,314.7,90.0,1.0,-0.085,-0.085
1,163,1,-117.3219,35.537,12000.0,2000.0,2000.0,314.7,90.0,1.0,-0.122,-0.122
1,164,1,-117.3219,35.537,14000.0,2000.0,2000.0,314.7,90.0,1.0,-0.133,-0.133
1,165,1,-117.3219,35.537,16000.0,2000.0,2000.0,314.7,90.0,1.0,-0.129,-0.129
1,166,1,-117.3219,35.537,18000.0,2000.0,2000.0,314.7,90.0,1.0,-0.121,-0.121
1,167,1,-117.3376,35.5497,0.0,2000.0,2000.0,314.7,90.0,1.0,-0.163,0.163
1,168,1,-117.3376,35.5497,2000.0,2000.0,2000.0,314.7,90.0,1.0,-0.26,0.26
1,169,1,-117.3376,35.5497,4000.0,2000.0,2000.0,314.7,90.0,1.0,-0.275,0.275
1,170,1,-117.3376,35.5497,6000.0,2000.0,2000.0,314.7,90.0,1.0,-0.216,0.194
1,171,1,-117.3376,35.5497,8000.0,2000.0,2000.0,314.7,90.0,1.0,-0.147,0.07
1,172,1,-117.3376,35.5497,10000.0,2000.0,2000.0,314.7,90.0,1.0,-0.108,-0.035
1,173,1,-117.3376,35.5497,12000.0,2000.0,2000.0,314.7,90.0,1.0,-0.098,-0.093
1,174,1,-117.3376,35.5497,14000.0,2000.0,2000.0,314.7,90.0,1.0,-0.103,-0.103
1,175,1,-117.3376,35.5497,16000.0,2000.0,2000.0,314.7,90.0,1.0,-0.099,-0.099
1,176,1,-117.3376,35.5497,18000.0,2000.0,2000.0,314.7,90.0,1.0,-0.092,-0.092
1,177,1,-117.3534,35.5623,0.0,2000.0,2000.0,314.7,90.0,1.0,-0.431,0.431
1,178,1,-117.3534,35.5623,2000.0,2000.0,2000.0,314.7,90.0,1.0,-0.733,0.324
1,179,1,-117.3534,35.5623,4000.0,2000.0,2000.0,314.7,90.0,1.0,-0.89,0.277
1,180,1,-117.3534,35.5623,6000.0,2000.0,2000.0,314.7,90.0,1.0,-0.708,0.288
1,181,1,-117.3534,35.5623,8000.0,2000.0,2000.0,314.7,90.0,1.0,-0.443,0.175
1,182,1,-117.3534,35.5623,10000.0,2000.0,2000.0,314.7,90.0,1.0,-0.24,0.047
1,183,1,-117.3534,35.5623,12000.0,2000.0,2000.0,314.7,90.0,1.0,-0.128,-0.039
1,184,1,-117.3534,35.5623,14000.0,2000.0,2000.0,314.7,90.0,1.0,-0.079,-0.074
1,185,1,-117.3534,35.5623,16000.0,2000.0,2000.0,314.7,90.0,1.0,-0.068,-0.068
1,186,1,-117.3534,35.5623,18000.0,2000.0,2000.0,314.7,90.0,1.0,-0.059,-0.059
1,187,1,-117.3692,35.575,0.0,2000.0,2000.0,314.7,90.0,1.0,-1.038,1.038
1,188,1,-117.3692,35.575,2000.0,2000.0,2000.0,314.7,90.0,1.0,-1.866,-0.268
1,189,1,-117.3692,35.575,4000.0,2000.0,2000.0,314.7,90.0,1.0,-1.984,0.021
1,190,1,-117.3692,35.575,6000.0,2000.0,2000.0,314.7,90.0,1.0,-1.529,0.304
1,191,1,-117.3692,35.575,8000.0,2000.0,2000.0,314.7,90.0,1.0,-0.959,0.305
1,192,1,-117.3692,35.575,10000.0,2000.0,2000.0,314.7,90.0,1.0,-0.51,0.169
1,193,1,-117.3692,35.575,12000.0,2000.0,2000.0,314.7,90.0,1.0,-0.232,0.036
1,194,1,-117.3692,35.575,14000.0,2000.0,2000.0,314.7,90.0,1.0,-0.095,-0.033
1,195,1,-117.3692,35.575,16000.0,2000.0,2000.0,314.7,90.0,1.0,-0.046,-0.045
1,196,1,-117.3692,35.575,18000.0,2000.0,2000.0,314.7,90.0,1.0,-0.034,-0.034
1,197,1,-117.385,35.5876,0.0,2000.0,2000.0,314.7,90.0,1.0,-1.41,0.61
1,198,1,-117.385,35.5876,2000.0,2000.0,2000.0,314.7,90.0,1.0,-2.981,-0.653
1,199,1,-117.385,35.5876,4000.0,2000.0,2000.0,314.7,90.0,1.0,-3.102,-0.203
1,200,1,-117.385,35.5876,6000.0,2000.0,2000.0,314.7,90.0,1.0,-2.364,0.322
1,201,1,-117.385,35.5876,8000.0,2000.0,2000.0,314.7,90.0,1.0,-1.508,0.424
1,202,1,-117.385,35.5876,10000.0,2000.0,2000.0,314.7,90.0,1.0,-0.823,0.295
1,203,1,-117.385,35.5876,12000.0,2000.0,2000.0,314.7,90.0,1.0,-0.387,0.121
1,204,1,-117.385,35.5876,14000.0,2000.0,2000.0,314.7,90.0,1.0,-0.147,0.011
1,205,1,-117.385,35.5876,16000.0,2000.0,2000.0,314.7,90.0,1.0,-0.045,-0.025
1,206,1,-117.385,35.5876,18000.0,2000.0,2000.0,314.7,90.0,1.0,-0.02,-0.02
1,207,1,-117.4007,35.6003,0.0,2000.0,2000.0,314.7,90.0,1.0,-1.136,0.527
1,208,1,-117.4007,35.6003,2000.0,2000.0,2000.0,314.7,90.0,1.0,-3.493,-0.542
1,209,1,-117.4007,35.6003,4000.0,2000.0,2000.0,314.7,90.0,1.0,-3.634,-0.123
1,210,1,-117.4007,35.6003,6000.0,2000.0,2000.0,314.7,90.0,1.0,-2.813,0.362
1,211,1,-117.4007,35.6003,8000.0,2000.0,2000.0,314.7,90.0,1.0,-1.833,0.449
1,212,1,-117.4007,35.6003,10000.0,2000.0,2000.0,314.7,90.0,1.0,-1.03,0.323
1,213,1,-117.4007,35.6003,12000.0,2000.0,2000.0,314.7,90.0,1.0,-0.494,0.157
1,214,1,-117.4007,35.6003,14000.0,2000.0,2000.0,314.7,90.0,1.0,-0.194,0.037
1,215,1,-117.4007,35.6003,16000.0,2000.0,2000.0,314.7,90.0,1.0,-0.056,-0.01
1,216,1,-117.4007,35.6003,18000.0,2000.0,2000.0,314.7,90.0,1.0,-0.017,-0.014
1,217,1,-117.4165,35.6129,0.0,2000.0,2000.0,314.7,90.0,1.0,-1.323,0.81
1,218,1,-117.4165,35.6129,2000.0,2000.0,2000.0,314.7,90.0,1.0,-4.238,-0.1
1,219,1,-117.4165,35.6129,4000.0,2000.0,2000.0,314.7,90.0,1.0,-4.554,0.082
1,220,1,-117.4165,35.6129,6000.0,2000.0,2000.0,314.7,90.0,1.0,-3.605,0.313
1,221,1,-117.4165,35.6129,8000.0,2000.0,2000.0,314.7,90.0,1.0,-2.419,0.316
1,222,1,-117.4165,35.6129,10000.0,2000.0,2000.0,314.7,90.0,1.0,-1.401,0.221
1,223,1,-117.4165,35.6129,12000.0,2000.0,2000.0,314.7,90.0,1.0,-0.687,0.111
1,224,1,-117.4165,35.6129,14000.0,2000.0,2000.0,314.7,90.0,1.0,-0.273,0.032
1,225,1,-117.4165,35.6129,16000.0,2000.0,2000.0,314.7,90.0,1.0,-0.081,-0.003
1,226,1,-117.4165,35.6129,18000.0,2000.0,2000.0,314.7,90.0,1.0,-0.016,-0.005
1,227,1,-117.4337,35.6263,0.0,2000.0,2000.0,307.6,90.0,1.0,-1.193,0.292
1,228,1,-117.4337,35.6263,2000.0,2000.0,2000.0,307.6,90.0,1.0,-3.85,0.036
1,229,1,-117.4337,35.6263,4000.0,2000.0,2000.0,307.6,90.0,1.0,-3.967,0.3
1,230,1,-117.4337,35.6263,6000.0,2000.0,2000.0,307.6,90.0,1.0,-3.205,0.51
1,231,1,-117.4337,35.6263,8000.0,2000.0,2000.0,307.6,90.0,1.0,-2.186,0.485
1,232,1,-117.4337,35.6263,10000.0,2000.0,2000.0,307.6,90.0,1.0,-1.269,0.352
1,233,1,-117.4337,35.6263,12000.0,2000.0,2000.0,307.6,90.0,1.0,-0.616,0.208
1,234,1,-117.4337,35.6263,14000.0,2000.0,2000.0,307.6,90.0,1.0,-0.238,0.095
1,235,1,-117.4337,35.6263,16000.0,2000.0,2000.0,307.6,90.0,1.0,-0.069,0.029
1,236,1,-117.4337,35.6263,18000.0,2000.0,2000.0,307.6,90.0,1.0,-0.013,0.008
1,237,1,-117.4513,35.6373,0.0,2000.0,2000.0,307.6,90.0,1.0,-2.177,-0.129
1,238,1,-117.4513,35.6373,2000.0,2000.0,2000.0,307.6,90.0,1.0,-2.471,-0.113
1,239,1,-117.4513,35.6373,4000.0,2000.0,2000.0,307.6,90.0,1.0,-2.388,0.53
1,240,1,-117.4513,35.6373,6000.0,2000.0,2000.0,307.6,90.0,1.0,-1.929,0.889
1,241,1,-117.4513,35.6373,8000.0,2000.0,2000.0,307.6,90.0,1.0,-1.33,0.835
1,242,1,-117.4513,35.6373,10000.0,2000.0,2000.0,307.6,90.0,1.0,-0.775,0.589
1,243,1,-117.4513,35.6373,12000.0,2000.0,2000.0,307.6,90.0,1.0,-0.387,0.322
1,244,1,-117.4513,35.6373,14000.0,2000.0,2000.0,307.6,90.0,1.0,-0.153,0.136
1,245,1,-117.4513,35.6373,16000.0,2000.0,2000.0,307.6,90.0,1.0,-0.045,0.043
1,246,1,-117.4513,35.6373,18000.0,2000.0,2000.0,307.6,90.0,1.0,-0.014,0.014
1,247,1,-117.4689,35.6482,0.0,2000.0,2000.0,307.6,90.0,1.0,-1.317,-0.095
1,248,1,-117.4689,35.6482,2000.0,2000.0,2000.0,307.6,90.0,1.0,-2.125,-0.165
1,249,1,-117.4689,35.6482,4000.0,2000.0,2000.0,307.6,90.0,1.0,-2.165,0.574
1,250,1,-117.4689,35.6482,6000.0,2000.0,2000.0,307.6,90.0,1.0,-1.786,0.938
1,251,1,-117.4689,35.6482,8000.0,2000.0,2000.0,307.6,90.0,1.0,-1.223,0.891
1,252,1,-117.4689,35.6482,10000.0,2000.0,2000.0,307.6,90.0,1.0,-0.71,0.645
1,253,1,-117.4689,35.6482,12000.0,2000.0,2000.0,307.6,90.0,1.0,-0.36,0.35
1,254,1,-117.4689,35.6482,14000.0,2000.0,2000.0,307.6,90.0,1.0,-0.148,0.148
1,255,1,-117.4689,35.6482,16000.0,2000.0,2000.0,307.6,90.0,1.0,-0.048,0.048
1,256,1,-117.4689,35.6482,18000.0,2000.0,2000.0,307.6,90.0,1.0,-0.019,0.019
1,257,1,-117.4865,35.6592,0.0,2000.0,2000.0,307.6,90.0,1.0,-0.982,0.25
1,258,1,-117.4865,35.6592,2000.0,2000.0,2000.0,307.6,90.0,1.0,-2.27,-0.069
1,259,1,-117.4865,35.6592,4000.0,2000.0,2000.0,307.6,90.0,1.0,-2.496,0.29
1,260,1,-117.4865,35.6592,6000.0,2000.0,2000.0,307.6,90.0,1.0,-2.064,0.515
1,261,1,-117.4865,35.6592,8000.0,2000.0,2000.0,307.6,90.0,1.0,-1.163,0.567
1,262,1,-117.4865,35.6592,10000.0,2000.0,2000.0,307.6,90.0,1.0,-0.622,0.473
1,263,1,-117.4865,35.6592,12000.0,2000.0,2000.0,307.6,90.0,1.0,-0.287,0.282
1,264,1,-117.4865,35.6592,14000.0,2000.0,2000.0,307.6,90.0,1.0,-0.116,0.116
1,265,1,-117.4865,35.6592,16000.0,2000.0,2000.0,307.6,90.0,1.0,-0.039,0.039
1,266,1,-117.4865,35.6592,18000.0,2000.0,2000.0,307.6,90.0,1.0,-0.018,0.018
1,267,1,-117.5041,35.6702,0.0,2000.0,2000.0,307.6,90.0,1.0,-1.353,0.316
1,268,1,-117.5041,35.6702,2000.0,2000.0,2000.0,307.6,90.0,1.0,-2.763,-0.201
1,269,1,-117.5041,35.6702,4000.0,2000.0,2000.0,307.6,90.0,1.0,-2.997,-0.311
1,270,1,-117.5041,35.6702,6000.0,2000.0,2000.0,307.6,90.0,1.0,-2.289,-0.09
1,271,1,-117.5041,35.6702,8000.0,2000.0,2000.0,307.6,90.0,1.0,-1.293,0.137
1,272,1,-117.5041,35.6702,10000.0,2000.0,2000.0,307.6,90.0,1.0,-0.697,0.233
1,273,1,-117.5041,35.6702,12000.0,2000.0,2000.0,307.6,90.0,1.0,-0.174,0.17
1,274,1,-117.5041,35.6702,14000.0,2000.0,2000.0,307.6,90.0,1.0,-0.069,0.069
1,275,1,-117.5041,35.6702,16000.0,2000.0,2000.0,307.6,90.0,1.0,-0.023,0.023
1,276,1,-117.5041,35.6702,18000.0,2000.0,2000.0,307.6,90.0,1.0,-0.013,0.013
1,277,1,-117.5217,35.6812,0.0,2000.0,2000.0,307.6,90.0,1.0,-1.491,0.256
1,278,1,-117.5217,35.6812,2000.0,2000.0,2000.0,307.6,90.0,1.0,-2.724,-0.3
1,279,1,-117.5217,35.6812,4000.0,2000.0,2000.0,307.6,90.0,1.0,-2.693,-0.571
1,280,1,-117.5217,35.6812,6000.0,2000.0,2000.0,307.6,90.0,1.0,-1.64,-0.405
1,281,1,-117.5217,35.6812,8000.0,2000.0,2000.0,307.6,90.0,1.0,-1.032,-0.096
1,282,1,-117.5217,35.6812,10000.0,2000.0,2000.0,307.6,90.0,1.0,-0.291,0.087
1,283,1,-117.5217,35.6812,12000.0,2000.0,2000.0,307.6,90.0,1.0,-0.092,0.092
1,284,1,-117.5217,35.6812,14000.0,2000.0,2000.0,307.6,90.0,1.0,-0.038,0.038
1,285,1,-117.5217,35.6812,16000.0,2000.0,2000.0,307.6,90.0,1.0,-0.014,0.014
1,286,1,-117.5217,35.6812,18000.0,2000.0,2000.0,307.6,90.0,1.0,-0.008,0.008
1,287,1,-117.5392,35.6921,0.0,2000.0,2000.0,307.6,90.0,1.0,-1.538,-0.12
1,288,1,-117.5392,35.6921,2000.0,2000.0,2000.0,307.6,90.0,1.0,-3.234,0.306
1,289,1,-117.5392,35.6921,4000.0,2000.0,2000.0,307.6,90.0,1.0,-2.245,-0.259
1,290,1,-117.5392,35.6921,6000.0,2000.0,2000.0,307.6,90.0,1.0,-1.626,-0.259
1,291,1,-117.5392,35.6921,8000.0,2000.0,2000.0,307.6,90.0,1.0,-1.115,-0.067
1,292,1,-117.5392,35.6921,10000.0,2000.0,2000.0,307.6,90.0,1.0,-0.439,0.07
1,293,1,-117.5392,35.6921,12000.0,2000.0,2000.0,307.6,90.0,1.0,-0.197,0.098
1,294,1,-117.5392,35.6921,14000.0,2000.0,2000.0,307.6,90.0,1.0,-0.085,0.069
1,295,1,-117.5392,35.6921,16000.0,2000.0,2000.0,307.6,90.0,1.0,-0.04,0.033
1,296,1,-117.5392,35.6921,18000.0,2000.0,2000.0,307.6,90.0,1.0,-0.013,0.013
1,297,1,-117.558,35.7036,0.0,2000.0,2000.0,331.9,90.0,1.0,-4.181,-0.331
1,298,1,-117.558,35.7036,2000.0,2000.0,2000.0,331.9,90.0,1.0,-4.078,-1.037
1,299,1,-117.558,35.7036,4000.0,2000.0,2000.0,331.9,90.0,1.0,-3.567,-0.908
1,300,1,-117.558,35.7036,6000.0,2000.0,2000.0,331.9,90.0,1.0,-2.611,-0.61
1,301,1,-117.558,35.7036,8000.0,2000.0,2000.0,331.9,90.0,1.0,-1.851,-0.267
1,302,1,-117.558,35.7036,10000.0,2000.0,2000.0,331.9,90.0,1.0,-1.302,-0.145
1,303,1,-117.558,35.7036,12000.0,2000.0,2000.0,331.9,90.0,1.0,-0.669,-0.072
1,304,1,-117.558,35.7036,14000.0,2000.0,2000.0,331.9,90.0,1.0,-0.364,-0.03
1,305,1,-117.558,35.7036,16000.0,2000.0,2000.0,331.9,90.0,1.0,-0.176,-0.007
1,306,1,-117.558,35.7036,18000.0,2000.0,2000.0,331.9,90.0,1.0,-0.054,0.005
1,307,1,-117.5684,35.7194,0.0,2000.0,2000.0,331.9,90.0,1.0,-4.487,0.807
1,308,1,-117.5684,35.7194,2000.0,2000.0,2000.0,331.9,90.0,1.0,-4.487,-0.929
1,309,1,-117.5684,35.7194,4000.0,2000.0,2000.0,331.9,90.0,1.0,-4.204,-0.491
1,310,1,-117.5684,35.7194,6000.0,2000.0,2000.0,331.9,90.0,1.0,-3.664,-0.346
1,311,1,-117.5684,35.7194,8000.0,2000.0,2000.0,331.9,90.0,1.0,-3.371,-0.165
1,312,1,-117.5684,35.7194,10000.0,2000.0,2000.0,331.9,90.0,1.0,-2.299,-0.095
1,313,1,-117.5684,35.7194,12000.0,2000.0,2000.0,331.9,90.0,1.0,-1.608,-0.051
1,314,1,-117.5684,35.7194,14000.0,2000.0,2000.0,331.9,90.0,1.0,-0.833,-0.023
1,315,1,-117.5684,35.7194,16000.0,2000.0,2000.0,331.9,90.0,1.0,-0.371,-0.006
1,316,1,-117.5684,35.7194,18000.0,2000.0,2000.0,331.9,90.0,1.0,-0.138,0.004
1,317,1,-117.5789,35.7353,0.0,2000.0,2000.0,331.9,90.0,1.0,-3.464,0.21
1,318,1,-117.5789,35.7353,2000.0,2000.0,2000.0,331.9,90.0,1.0,-4.095,0.12
1,319,1,-117.5789,35.7353,4000.0,2000.0,2000.0,331.9,90.0,1.0,-4.666,-0.028
1,320,1,-117.5789,35.7353,6000.0,2000.0,2000.0,331.9,90.0,1.0,-4.53,-0.096
1,321,1,-117.5789,35.7353,8000.0,2000.0,2000.0,331.9,90.0,1.0,-4.482,-0.071
1,322,1,-117.5789,35.7353,10000.0,2000.0,2000.0,331.9,90.0,1.0,-3.553,-0.047
1,323,1,-117.5789,35.7353,12000.0,2000.0,2000.0,331.9,90.0,1.0,-2.313,-0.03
1,324,1,-117.5789,35.7353,14000.0,2000.0,2000.0,331.9,90.0,1.0,-1.418,-0.015
1,325,1,-117.5789,35.7353,16000.0,2000.0,2000.0,331.9,90.0,1.0,-0.781,-0.004
1,326,1,-117.5789,35.7353,18000.0,2000.0,2000.0,331.9,90.0,1.0,-0.297,0.003
1,327,1,-117.5893,35.7512,0.0,2000.0,2000.0,331.9,90.0,1.0,-2.869,-0.0
1,328,1,-117.5893,35.7512,2000.0,2000.0,2000.0,331.9,90.0,1.0,-4.171,0.673
1,329,1,-117.5893,35.7512,4000.0,2000.0,2000.0,331.9,90.0,1.0,-4.187,0.37
1,330,1,-117.5893,35.7512,6000.0,2000.0,2000.0,331.9,90.0,1.0,-4.627,0.082
1,331,1,-117.5893,35.7512,8000.0,2000.0,2000.0,331.9,90.0,1.0,-4.617,-0.02
1,332,1,-117.5893,35.7512,10000.0,2000.0,2000.0,331.9,90.0,1.0,-3.905,-0.024
1,333,1,-117.5893,35.7512,12000.0,2000.0,2000.0,331.9,90.0,1.0,-2.782,-0.019
1,334,1,-117.5893,35.7512,14000.0,2000.0,2000.0,331.9,90.0,1.0,-1.66,-0.011
1,335,1,-117.5893,35.7512,16000.0,2000.0,2000.0,331.9,90.0,1.0,-0.826,-0.003
1,336,1,-117.5893,35.7512,18000.0,2000.0,2000.0,331.9,90.0,1.0,-0.337,0.002
1,337,1,-117.5998,35.767,0.0,2000.0,2000.0,331.9,90.0,1.0,-3.47,-0.797
1,338,1,-117.5998,35.767,2000.0,2000.0,2000.0,331.9,90.0,1.0,-2.594,0.431
1,339,1,-117.5998,35.767,4000.0,2000.0,2000.0,331.9,90.0,1.0,-3.289,0.784
1,340,1,-117.5998,35.767,6000.0,2000.0,2000.0,331.9,90.0,1.0,-4.249,0.223
1,341,1,-117.5998,35.767,8000.0,2000.0,2000.0,331.9,90.0,1.0,-4.248,0.007
1,342,1,-117.5998,35.767,10000.0,2000.0,2000.0,331.9,90.0,1.0,-3.467,-0.009
1,343,1,-117.5998,35.767,12000.0,2000.0,2000.0,331.9,90.0,1.0,-2.393,-0.01
1,344,1,-117.5998,35.767,14000.0,2000.0,2000.0,331.9,90.0,1.0,-1.427,-0.004
1,345,1,-117.5998,35.767,16000.0,2000.0,2000.0,331.9,90.0,1.0,-0.756,0.001
1,346,1,-117.5998,35.767,18000.0,2000.0,2000.0,331.9,90.0,1.0,-0.282,0.004
1,347,1,-117.6102,35.7829,0.0,2000.0,2000.0,331.9,90.0,1.0,-3.293,-0.45
1,348,1,-117.6102,35.7829,2000.0,2000.0,2000.0,331.9,90.0,1.0,-1.38,1.38
1,349,1,-117.6102,35.7829,4000.0,2000.0,2000.0,331.9,90.0,1.0,-2.883,0.8
1,350,1,-117.6102,35.7829,6000.0,2000.0,2000.0,331.9,90.0,1.0,-3.929,-0.015
1,351,1,-117.6102,35.7829,8000.0,2000.0,2000.0,331.9,90.0,1.0,-3.712,-0.081
1,352,1,-117.6102,35.7829,10000.0,2000.0,2000.0,331.9,90.0,1.0,-2.854,-0.046
1,353,1,-117.6102,35.7829,12000.0,2000.0,2000.0,331.9,90.0,1.0,-1.849,-0.024
1,354,1,-117.6102,35.7829,14000.0,2000.0,2000.0,331.9,90.0,1.0,-1.005,-0.009
1,355,1,-117.6102,35.7829,16000.0,2000.0,2000.0,331.9,90.0,1.0,-0.464,-0.001
1,356,1,-117.6102,35.7829,18000.0,2000.0,2000.0,331.9,90.0,1.0,-0.139,0.0
1,357,1,-117.6207,35.7988,0.0,2000.0,2000.0,331.9,90.0,1.0,-4.448,-0.416
1,358,1,-117.6207,35.7988,2000.0,2000.0,2000.0,331.9,90.0,1.0,-1.345,0.319
1,359,1,-117.6207,35.7988,4000.0,2000.0,2000.0,331.9,90.0,1.0,-3.127,-0.252
1,360,1,-117.6207,35.7988,6000.0,2000.0,2000.0,331.9,90.0,1.0,-4.141,-0.265
1,361,1,-117.6207,35.7988,8000.0,2000.0,2000.0,331.9,90.0,1.0,-3.896,-0.121
1,362,1,-117.6207,35.7988,10000.0,2000.0,2000.0,331.9,90.0,1.0,-2.935,-0.056
1,363,1,-117.6207,35.7988,12000.0,2000.0,2000.0,331.9,90.0,1.0,-1.829,-0.023
1,364,1,-117.6207,35.7988,14000.0,2000.0,2000.0,331.9,90.0,1.0,-0.931,-0.008
1,365,1,-117.6207,35.7988,16000.0,2000.0,2000.0,331.9,90.0,1.0,-0.385,0.0
1,366,1,-117.6207,35.7988,18000.0,2000.0,2000.0,331.9,90.0,1.0,-0.117,-0.0
1,367,1,-117.6311,35.8146,0.0,2000.0,2000.0,331.9,90.0,1.0,-1.711,0.194
1,368,1,-117.6311,35.8146,2000.0,2000.0,2000.0,331.9,90.0,1.0,-2.073,-1.716
1,369,1,-117.6311,35.8146,4000.0,2000.0,2000.0,331.9,90.0,1.0,-3.559,-1.519
1,370,1,-117.6311,35.8146,6000.0,2000.0,2000.0,331.9,90.0,1.0,-4.564,-0.607
1,371,1,-117.6311,35.8146,8000.0,2000.0,2000.0,331.9,90.0,1.0,-4.174,-0.184
1,372,1,-117.6311,35.8146,10000.0,2000.0,2000.0,331.9,90.0,1.0,-3.049,-0.079
1,373,1,-117.6311,35.8146,12000.0,2000.0,2000.0,331.9,90.0,1.0,-1.826,-0.031
1,374,1,-117.6311,35.8146,14000.0,2000.0,2000.0,331.9,90.0,1.0,-0.879,-0.009
1,375,1,-117.6311,35.8146,16000.0,2000.0,2000.0,331.9,90.0,1.0,-0.334,0.0
1,376,1,-117.6311,35.8146,18000.0,2000.0,2000.0,331.9,90.0,1.0,-0.092,-0.0
1,377,1,-117.6443,35.8286,0.0,2000.0,2000.0,320.6,90.0,1.0,-2.918,0.021
1,378,1,-117.6443,35.8286,2000.0,2000.0,2000.0,320.6,90.0,1.0,-4.331,-1.213
1,379,1,-117.6443,35.8286,4000.0,2000.0,2000.0,320.6,90.0,1.0,-4.159,-1.801
1,380,1,-117.6443,35.8286,6000.0,2000.0,2000.0,320.6,90.0,1.0,-3.925,-1.533
1,381,1,-117.6443,35.8286,8000.0,2000.0,2000.0,320.6,90.0,1.0,-3.199,-1.026
1,382,1,-117.6443,35.8286,10000.0,2000.0,2000.0,320.6,90.0,1.0,-2.164,-0.658
1,383,1,-117.6443,35.8286,12000.0,2000.0,2000.0,320.6,90.0,1.0,-1.218,-0.385
1,384,1,-117.6443,35.8286,14000.0,2000.0,2000.0,320.6,90.0,1.0,-0.548,-0.196
1,385,1,-117.6443,35.8286,16000.0,2000.0,2000.0,320.6,90.0,1.0,-0.189,-0.075
1,386,1,-117.6443,35.8286,18000.0,2000.0,2000.0,320.6,90.0,1.0,-0.044,-0.01
1,387,1,-117.6584,35.8425,0.0,2000.0,2000.0,320.6,90.0,1.0,-2.682,-0.17
1,388,1,-117.6584,35.8425,2000.0,2000.0,2000.0,320.6,90.0,1.0,-5.44,-1.066
1,389,1,-117.6584,35.8425,4000.0,2000.0,2000.0,320.6,90.0,1.0,-5.166,-1.864
1,390,1,-117.6584,35.8425,6000.0,2000.0,2000.0,320.6,90.0,1.0,-3.96,-1.845
1,391,1,-117.6584,35.8425,8000.0,2000.0,2000.0,320.6,90.0,1.0,-2.736,-1.385
1,392,1,-117.6584,35.8425,10000.0,2000.0,2000.0,320.6,90.0,1.0,-1.656,-0.912
1,393,1,-117.6584,35.8425,12000.0,2000.0,2000.0,320.6,90.0,1.0,-0.851,-0.528
1,394,1,-117.6584,35.8425,14000.0,2000.0,2000.0,320.6,90.0,1.0,-0.358,-0.245
1,395,1,-117.6584,35.8425,16000.0,2000.0,2000.0,320.6,90.0,1.0,-0.108,-0.079
1,396,1,-117.6584,35.8425,18000.0,2000.0,2000.0,320.6,90.0,1.0,-0.013,-0.013
1,397,1,-117.6724,35.8564,0.0,2000.0,2000.0,320.6,90.0,1.0,-1.726,0.489
1,398,1,-117.6724,35.8564,2000.0,2000.0,2000.0,320.6,90.0,1.0,-4.959,-1.1
1,399,1,-117.6724,35.8564,4000.0,2000.0,2000.0,320.6,90.0,1.0,-5.1,-1.44
1,400,1,-117.6724,35.8564,6000.0,2000.0,2000.0,320.6,90.0,1.0,-3.862,-1.372
1,401,1,-117.6724,35.8564,8000.0,2000.0,2000.0,320.6,90.0,1.0,-2.523,-1.064
1,402,1,-117.6724,35.8564,10000.0,2000.0,2000.0,320.6,90.0,1.0,-1.445,-0.701
1,403,1,-117.6724,35.8564,12000.0,2000.0,2000.0,320.6,90.0,1.0,-0.704,-0.388
1,404,1,-117.6724,35.8564,14000.0,2000.0,2000.0,320.6,90.0,1.0,-0.28,-0.156
1,405,1,-117.6724,35.8564,16000.0,2000.0,2000.0,320.6,90.0,1.0,-0.08,-0.031
1,406,1,-117.6724,35.8564,18000.0,2000.0,2000.0,320.6,90.0,1.0,-0.014,0.008
1,407,1,-117.6865,35.8703,0.0,2000.0,2000.0,320.6,90.0,1.0,-0.921,-0.102
1,408,1,-117.6865,35.8703,2000.0,2000.0,2000.0,320.6,90.0,1.0,-2.868,-0.795
1,409,1,-117.6865,35.8703,4000.0,2000.0,2000.0,320.6,90.0,1.0,-3.387,-0.739
1,410,1,-117.6865,35.8703,6000.0,2000.0,2000.0,320.6,90.0,1.0,-2.77,-0.481
1,411,1,-117.6865,35.8703,8000.0,2000.0,2000.0,320.6,90.0,1.0,-1.869,-0.282
1,412,1,-117.6865,35.8703,10000.0,2000.0,2000.0,320.6,90.0,1.0,-1.084,-0.129
1,413,1,-117.6865,35.8703,12000.0,2000.0,2000.0,320.6,90.0,1.0,-0.535,-0.021
1,414,1,-117.6865,35.8703,14000.0,2000.0,2000.0,320.6,90.0,1.0,-0.221,0.041
1,415,1,-117.6865,35.8703,16000.0,2000.0,2000.0,320.6,90.0,1.0,-0.083,0.063
1,416,1,-117.6865,35.8703,18000.0,2000.0,2000.0,320.6,90.0,1.0,-0.047,0.047
1,417,1,-117.7006,35.8842,0.0,2000.0,2000.0,320.6,90.0,1.0,-0.271,0.271
1,418,1,-117.7006,35.8842,2000.0,2000.0,2000.0,320.6,90.0,1.0,-0.735,-0.172
1,419,1,-117.7006,35.8842,4000.0,2000.0,2000.0,320.6,90.0,1.0,-1.468,0.019
1,420,1,-117.7006,35.8842,6000.0,2000.0,2000.0,320.6,90.0,1.0,-1.522,0.366
1,421,1,-117.7006,35.8842,8000.0,2000.0,2000.0,320.6,90.0,1.0,-1.211,0.476
1,422,1,-117.7006,35.8842,10000.0,2000.0,2000.0,320.6,90.0,1.0,-0.811,0.442
1,423,1,-117.7006,35.8842,12000.0,2000.0,2000.0,320.6,90.0,1.0,-0.472,0.347
1,424,1,-117.7006,35.8842,14000.0,2000.0,2000.0,320.6,90.0,1.0,-0.254,0.242
1,425,1,-117.7006,35.8842,16000.0,2000.0,2000.0,320.6,90.0,1.0,-0.152,0.152
1,426,1,-117.7006,35.8842,18000.0,2000.0,2000.0,320.6,90.0,1.0,-0.108,0.108
1,427,1,-117.7147,35.8981,0.0,2000.0,2000.0,320.6,90.0,1.0,-0.025,0.025
1,428,1,-117.7147,35.8981,2000.0,2000.0,2000.0,320.6,90.0,1.0,-0.066,0.066
1,429,1,-117.7147,35.8981,4000.0,2000.0,2000.0,320.6,90.0,1.0,-0.479,0.479
1,430,1,-117.7147,35.8981,6000.0,2000.0,2000.0,320.6,90.0,1.0,-0.864,0.861
1,431,1,-117.7147,35.8981,8000.0,2000.0,2000.0,320.6,90.0,1.0,-0.932,0.925
1,432,1,-117.7147,35.8981,10000.0,2000.0,2000.0,320.6,90.0,1.0,-0.783,0.783
1,433,1,-117.7147,35.8981,12000.0,2000.0,2000.0,320.6,90.0,1.0,-0.566,0.566
1,434,1,-117.7147,35.8981,14000.0,2000.0,2000.0,320.6,90.0,1.0,-0.369,0.369
1,435,1,-117.7147,35.8981,16000.0,2000.0,2000.0,320.6,90.0,1.0,-0.235,0.235
1,436,1,-117.7147,35.8981,18000.0,2000.0,2000.0,320.6,90.0,1.0,-0.173,0.173
1,437,1,-117.7288,35.912,0.0,2000.0,2000.0,320.6,90.0,1.0,-0.168,0.168
1,438,1,-117.7288,35.912,2000.0,2000.0,2000.0,320.6,90.0,1.0,-0.037,0.037
1,439,1,-117.7288,35.912,4000.0,2000.0,2000.0,320.6,90.0,1.0,-0.462,0.462
1,440,1,-117.7288,35.912,6000.0,2000.0,2000.0,320.6,90.0,1.0,-0.936,0.936
1,441,1,-117.7288,35.912,8000.0,2000.0,2000.0,320.6,90.0,1.0,-1.043,1.043
1,442,1,-117.7288,35.912,10000.0,2000.0,2000.0,320.6,90.0,1.0,-0.909,0.909
1,443,1,-117.7288,35.912,12000.0,2000.0,2000.0,320.6,90.0,1.0,-0.672,0.672
1,444,1,-117.7288,35.912,14000.0,2000.0,2000.0,320.6,90.0,1.0,-0.443,0.443
1,445,1,-117.7288,35.912,16000.0,2000.0,2000.0,320.6,90.0,1.0,-0.281,0.281
1,446,1,-117.7288,35.912,18000.0,2000.0,2000.0,320.6,90.0,1.0,-0.207,0.207
1,447,1,-117.4865,35.6811,3.8053,2000.0,2000.0,311.0,85.0,1.0,-0.186,-0.186
1,448,1,-117.4852,35.6823,1996.1943,2000.0,2000.0,311.0,85.0,1.0,-1.484,-1.347
1,449,1,-117.4839,35.6834,3988.5843,2000.0,2000.0,311.0,85.0,1.0,-1.451,-1.082
1,450,1,-117.4827,35.6846,5980.9733,2000.0,2000.0,311.0,85.0,1.0,-1.495,-1.086
1,451,1,-117.4814,35.6858,7973.3633,2000.0,2000.0,311.0,85.0,1.0,-1.189,-1.119
1,452,1,-117.4801,35.687,9965.7523,2000.0,2000.0,311.0,85.0,1.0,-0.918,-0.911
1,453,1,-117.4789,35.6882,11958.1413,2000.0,2000.0,311.0,85.0,1.0,-0.923,-0.923
1,454,1,-117.4776,35.6894,13950.5313,2000.0,2000.0,311.0,85.0,1.0,-0.669,-0.669
1,455,1,-117.4763,35.6905,15942.9203,2000.0,2000.0,311.0,85.0,1.0,-0.458,-0.458
1,456,1,-117.4751,35.6917,17935.3103,2000.0,2000.0,311.0,85.0,1.0,-0.357,-0.357
1,457,1,-117.5032,35.6929,3.8053,2000.0,2000.0,311.0,85.0,1.0,-0.23,-0.23
1,458,1,-117.502,35.6941,1996.1943,2000.0,2000.0,311.0,85.0,1.0,-1.567,-1.008
1,459,1,-117.5007,35.6952,3988.5843,2000.0,2000.0,311.0,85.0,1.0,-2.22,-1.023
1,460,1,-117.4994,35.6964,5980.9733,2000.0,2000.0,311.0,85.0,1.0,-2.024,-1.216
1,461,1,-117.4982,35.6976,7973.3633,2000.0,2000.0,311.0,85.0,1.0,-1.444,-1.2
1,462,1,-117.4969,35.6988,9965.7523,2000.0,2000.0,311.0,85.0,1.0,-1.021,-1.021
1,463,1,-117.4956,35.7,11958.1413,2000.0,2000.0,311.0,85.0,1.0,-0.79,-0.79
1,464,1,-117.4944,35.7012,13950.5313,2000.0,2000.0,311.0,85.0,1.0,-0.568,-0.568
1,465,1,-117.4931,35.7023,15942.9203,2000.0,2000.0,311.0,85.0,1.0,-0.389,-0.389
1,466,1,-117.4918,35.7035,17935.3103,2000.0,2000.0,311.0,85.0,1.0,-0.298,-0.298
1,467,1,-117.52,35.7047,3.8053,2000.0,2000.0,311.0,85.0,1.0,-0.0,-0.0
1,468,1,-117.5187,35.7059,1996.1943,2000.0,2000.0,311.0,85.0,1.0,-2.052,-0.046
1,469,1,-117.5174,35.707,3988.5843,2000.0,2000.0,311.0,85.0,1.0,-2.506,-0.589
1,470,1,-117.5162,35.7082,5980.9733,2000.0,2000.0,311.0,85.0,1.0,-1.653,-0.833
1,471,1,-117.5149,35.7094,7973.3633,2000.0,2000.0,311.0,85.0,1.0,-1.411,-0.871
1,472,1,-117.5136,35.7106,9965.7523,2000.0,2000.0,311.0,85.0,1.0,-0.918,-0.751
1,473,1,-117.5124,35.7118,11958.1413,2000.0,2000.0,311.0,85.0,1.0,-0.641,-0.587
1,474,1,-117.5111,35.713,13950.5313,2000.0,2000.0,311.0,85.0,1.0,-0.417,-0.402
1,475,1,-117.5098,35.7141,15942.9203,2000.0,2000.0,311.0,85.0,1.0,-0.268,-0.267
1,476,1,-117.5086,35.7153,17935.3103,2000.0,2000.0,311.0,85.0,1.0,-0.198,-0.198
1,477,1,-117.5367,35.7165,3.8053,2000.0,2000.0,311.0,85.0,1.0,-0.451,0.402
1,478,1,-117.5355,35.7177,1996.1943,2000.0,2000.0,311.0,85.0,1.0,-3.724,0.045
1,479,1,-117.5342,35.7188,3988.5843,2000.0,2000.0,311.0,85.0,1.0,-2.382,-0.386
1,480,1,-117.5329,35.72,5980.9733,2000.0,2000.0,311.0,85.0,1.0,-1.906,-0.408
1,481,1,-117.5317,35.7212,7973.3633,2000.0,2000.0,311.0,85.0,1.0,-1.694,-0.422
1,482,1,-117.5304,35.7224,9965.7523,2000.0,2000.0,311.0,85.0,1.0,-1.012,-0.345
1,483,1,-117.5291,35.7236,11958.1413,2000.0,2000.0,311.0,85.0,1.0,-0.579,-0.267
1,484,1,-117.5278,35.7248,13950.5313,2000.0,2000.0,311.0,85.0,1.0,-0.342,-0.184
1,485,1,-117.5266,35.7259,15942.9203,2000.0,2000.0,311.0,85.0,1.0,-0.185,-0.124
1,486,1,-117.5253,35.7271,17935.3103,2000.0,2000.0,311.0,85.0,1.0,-0.117,-0.102
1,487,1,-117.5535,35.7283,3.8053,2000.0,2000.0,311.0,85.0,1.0,-0.354,-0.354
1,488,1,-117.5522,35.7295,1996.1943,2000.0,2000.0,311.0,85.0,1.0,-3.828,-1.013
1,489,1,-117.5509,35.7306,3988.5843,2000.0,2000.0,311.0,85.0,1.0,-2.973,-0.214
1,490,1,-117.5497,35.7318,5980.9733,2000.0,2000.0,311.0,85.0,1.0,-2.611,0.075
1,491,1,-117.5484,35.733,7973.3633,2000.0,2000.0,311.0,85.0,1.0,-2.32,0.021
1,492,1,-117.5471,35.7342,9965.7523,2000.0,2000.0,311.0,85.0,1.0,-1.78,0.012
1,493,1,-117.5459,35.7354,11958.1413,2000.0,2000.0,311.0,85.0,1.0,-0.951,-0.002
1,494,1,-117.5446,35.7366,13950.5313,2000.0,2000.0,311.0,85.0,1.0,-0.555,-0.01
1,495,1,-117.5433,35.7377,15942.9203,2000.0,2000.0,311.0,85.0,1.0,-0.279,-0.011
1,496,1,-117.5421,35.7389,17935.3103,2000.0,2000.0,311.0,85.0,1.0,-0.096,-0.015
1,497,1,-117.5702,35.7401,3.8053,2000.0,2000.0,311.0,85.0,1.0,-0.525,-0.525
1,498,1,-117.569,35.7413,1996.1943,2000.0,2000.0,311.0,85.0,1.0,-3.738,-0.643
1,499,1,-117.5677,35.7424,3988.5843,2000.0,2000.0,311.0,85.0,1.0,-2.99,0.435
1,500,1,-117.5664,35.7436,5980.9733,2000.0,2000.0,311.0,85.0,1.0,-3.173,0.711
1,501,1,-117.5652,35.7448,7973.3633,2000.0,2000.0,311.0,85.0,1.0,-3.499,0.335
1,502,1,-117.5639,35.746,9965.7523,2000.0,2000.0,311.0,85.0,1.0,-2.803,0.222
1,503,1,-117.5626,35.7472,11958.1413,2000.0,2000.0,311.0,85.0,1.0,-1.988,0.136
1,504,1,-117.5613,35.7484,13950.5313,2000.0,2000.0,311.0,85.0,1.0,-1.149,0.081
1,505,1,-117.5601,35.7495,15942.9203,2000.0,2000.0,311.0,85.0,1.0,-0.479,0.049
1,506,1,-117.5588,35.7507,17935.3103,2000.0,2000.0,311.0,85.0,1.0,-0.187,0.026
1,507,1,-117.587,35.7519,3.8053,2000.0,2000.0,311.0,85.0,1.0,-0.724,0.393
1,508,1,-117.5857,35.7531,1996.1943,2000.0,2000.0,311.0,85.0,1.0,-2.781,0.562
1,509,1,-117.5844,35.7542,3988.5843,2000.0,2000.0,311.0,85.0,1.0,-2.926,1.437
1,510,1,-117.5832,35.7554,5980.9733,2000.0,2000.0,311.0,85.0,1.0,-3.608,1.125
1,511,1,-117.5819,35.7566,7973.3633,2000.0,2000.0,311.0,85.0,1.0,-3.945,0.494
1,512,1,-117.5806,35.7578,9965.7523,2000.0,2000.0,311.0,85.0,1.0,-2.976,0.312
1,513,1,-117.5794,35.759,11958.1413,2000.0,2000.0,311.0,85.0,1.0,-1.919,0.189
1,514,1,-117.5781,35.7602,13950.5313,2000.0,2000.0,311.0,85.0,1.0,-1.167,0.111
1,515,1,-117.5768,35.7613,15942.9203,2000.0,2000.0,311.0,85.0,1.0,-0.646,0.044
1,516,1,-117.5756,35.7625,17935.3103,2000.0,2000.0,311.0,85.0,1.0,-0.256,0.024
